<?xml version="1.0" encoding="UTF-8"?>
<project-private xmlns="http://www.netbeans.org/ns/project-private/1">
    <editor-bookmarks xmlns="http://www.netbeans.org/ns/editor-bookmarks/2" lastBookmarkId="0"/>
    <open-files xmlns="http://www.netbeans.org/ns/projectui-open-files/2">
        <group>
            <file>file:/C:/Users/lgier/Downloads/OneDrive_2025-03-06/Updated%20SPI%20Pinout%20(Switch%20MOSI%20and%20SCK)/Getting_Started_With_UART_SPI/Getting_Started_With_UART_SPI.X/mcc_generated_files/mcc.c</file>
            <file>file:/C:/Users/lgier/Downloads/OneDrive_2025-03-06/Updated%20SPI%20Pinout%20(Switch%20MOSI%20and%20SCK)/Getting_Started_With_UART_SPI/Getting_Started_With_UART_SPI.X/mcc_generated_files/spi1.c</file>
            <file>file:/C:/Users/lgier/Downloads/OneDrive_2025-03-06/Updated%20SPI%20Pinout%20(Switch%20MOSI%20and%20SCK)/Getting_Started_With_UART_SPI/Getting_Started_With_UART_SPI.X/main.c</file>
            <file>file:/C:/Users/lgier/Downloads/OneDrive_2025-03-06/Updated%20SPI%20Pinout%20(Switch%20MOSI%20and%20SCK)/Getting_Started_With_UART_SPI/Getting_Started_With_UART_SPI.X/mcc_generated_files/uart2.c</file>
            <file>file:/C:/Users/lgier/Downloads/OneDrive_2025-03-06/Updated%20SPI%20Pinout%20(Switch%20MOSI%20and%20SCK)/Getting_Started_With_UART_SPI/Getting_Started_With_UART_SPI.X/mcc_generated_files/device_config.c</file>
            <file>file:/C:/Users/lgier/Downloads/OneDrive_2025-03-06/Updated%20SPI%20Pinout%20(Switch%20MOSI%20and%20SCK)/Getting_Started_With_UART_SPI/Getting_Started_With_UART_SPI.X/mcc_generated_files/adcc.c</file>
        </group>
    </open-files>
</project-private>
